Timestamp,FromGrid,ToGrid,Solar
2022-09-16 08:00:00,0.16,0,0.04
2022-09-16 09:00:00,0.51,0,0.31
2022-09-16 10:00:00,0.52,0.18,0.95
2022-09-16 11:00:00,0.53,0.68,1.9
2022-09-16 12:00:00,0.67,1.5,3.11
2022-09-16 13:00:00,0.77,2.24,4.47
2022-09-16 14:00:00,0.82,3.17,6.02
2022-09-16 15:00:00,0.82,4.59,7.94
2022-09-16 16:00:00,1.64,5.26,9.39
2022-09-16 17:00:00,1.78,6.35,10.88
2022-09-16 18:00:00,2.03,6.72,11.5
2022-09-16 19:00:00,2.66,6.72,11.53
2022-09-16 20:00:00,3.16,6.72,11.53
2022-09-16 21:00:00,3.49,6.72,11.53
2022-09-16 22:00:00,3.81,6.72,11.53
2022-09-16 23:00:00,4.16,6.72,11.53
2022-09-17 00:00:00,4.52,6.72,11.53
2022-09-17 01:00:00,4.87,6.72,11.53
2022-09-17 02:00:00,5.25,6.72,11.53
2022-09-17 03:00:00,5.59,6.72,11.53
2022-09-17 04:00:00,5.94,6.72,11.53
2022-09-17 05:00:00,6.28,6.72,11.53
2022-09-17 06:00:00,6.76,6.72,11.53
2022-09-17 07:00:00,7.25,6.72,11.53
2022-09-17 08:00:00,8.13,6.72,11.67
2022-09-17 09:00:00,8.39,6.72,11.97
2022-09-17 10:00:00,8.54,6.8,12.46
2022-09-17 11:00:00,9.93,6.8,12.71
2022-09-17 12:00:00,12.04,6.85,13.19
2022-09-17 13:00:00,12.36,7.64,15.02
2022-09-17 14:00:00,12.84,8.29,17.03
2022-09-17 15:00:00,13.42,8.94,18.57
2022-09-17 16:00:00,13.46,9.23,19.25
2022-09-17 17:00:00,14.09,9.27,19.56
2022-09-17 18:00:00,15.67,9.27,20
2022-09-17 19:00:00,16.3,9.27,20.02
2022-09-17 20:00:00,17.58,9.27,20.02
2022-09-17 21:00:00,18.21,9.27,20.02
2022-09-17 22:00:00,18.57,9.27,20.02
2022-09-17 23:00:00,18.91,9.27,20.02
2022-09-18 00:00:00,19.24,9.27,20.02
2022-09-18 01:00:00,19.58,9.27,20.02
2022-09-18 02:00:00,19.91,9.27,20.02
2022-09-18 03:00:00,20.28,9.27,20.02
2022-09-18 04:00:00,20.6,9.27,20.02
2022-09-18 05:00:00,20.94,9.27,20.02
2022-09-18 06:00:00,21.92,9.27,20.02
2022-09-18 07:00:00,22.71,9.27,20.03
2022-09-18 08:00:00,23.37,9.27,20.16
2022-09-18 09:00:00,24.18,9.27,20.51
2022-09-18 10:00:00,24.5,9.34,21.12
2022-09-18 11:00:00,24.72,9.39,22.14
2022-09-18 12:00:00,24.76,9.86,23.13
2022-09-18 13:00:00,24.76,10.56,24.2
2022-09-18 14:00:00,24.79,12.75,26.77
2022-09-18 15:00:00,24.79,14.07,28.44
2022-09-18 16:00:00,24.79,14.63,29.37
2022-09-18 17:00:00,24.81,14.69,29.75
2022-09-18 18:00:00,25.03,14.69,29.87
2022-09-18 19:00:00,25.38,14.69,29.87
2022-09-18 20:00:00,25.88,14.69,29.87
2022-09-18 21:00:00,26.26,14.69,29.87
2022-09-18 22:00:00,26.58,14.69,29.87
2022-09-18 23:00:00,26.91,14.69,29.87
2022-09-19 00:00:00,27.24,14.69,29.87
2022-09-19 01:00:00,27.57,14.69,29.87
2022-09-19 02:00:00,27.91,14.69,29.87
2022-09-19 03:00:00,28.24,14.69,29.87
2022-09-19 04:00:00,28.58,14.69,29.87
2022-09-19 05:00:00,28.91,14.69,29.87
2022-09-19 06:00:00,29.28,14.69,29.87
2022-09-19 07:00:00,29.7,14.69,29.87
2022-09-19 08:00:00,29.87,14.69,30.01
2022-09-19 09:00:00,29.91,14.72,30.32
2022-09-19 10:00:00,29.91,15.05,30.98
2022-09-19 11:00:00,29.91,15.35,31.57
2022-09-19 12:00:00,29.91,16.51,33.08
2022-09-19 13:00:00,29.92,17.66,34.71
2022-09-19 14:00:00,29.93,19.96,37.43
2022-09-19 15:00:00,29.93,22.22,40.13
2022-09-19 16:00:00,29.93,24.62,43.26
2022-09-19 17:00:00,30.48,25.57,45.81
2022-09-19 18:00:00,30.74,25.67,46.56
2022-09-19 19:00:00,31.35,25.69,46.67
2022-09-19 20:00:00,32,25.69,46.67
2022-09-19 21:00:00,32.43,25.69,46.67
2022-09-19 22:00:00,32.77,25.69,46.67
2022-09-19 23:00:00,33.12,25.69,46.67
2022-09-20 00:00:00,33.45,25.69,46.67
2022-09-20 01:00:00,33.78,25.69,46.67
2022-09-20 02:00:00,34.12,25.69,46.67
2022-09-20 03:00:00,34.45,25.69,46.67
2022-09-20 04:00:00,34.79,25.69,46.67
2022-09-20 05:00:00,35.14,25.69,46.67
2022-09-20 06:00:00,35.47,25.69,46.67
2022-09-20 07:00:00,35.89,25.69,46.67
2022-09-20 08:00:00,37.46,25.69,46.79
2022-09-20 09:00:00,37.96,25.69,47.06
2022-09-20 10:00:00,37.99,25.8,47.59
2022-09-20 11:00:00,39.07,25.82,47.95
2022-09-20 12:00:00,39.09,26.09,48.67
2022-09-20 13:00:00,39.84,26.1,49.16
2022-09-20 14:00:00,40.35,26.27,49.95
2022-09-20 15:00:00,40.35,27.12,51.22
2022-09-20 16:00:00,40.35,28.79,53.29
2022-09-20 17:00:00,40.95,28.99,54.04
2022-09-20 18:00:00,42.53,28.99,54.49
2022-09-20 19:00:00,43.4,28.99,54.58
2022-09-20 20:00:00,43.99,28.99,54.58
2022-09-20 21:00:00,44.39,28.99,54.58
2022-09-20 22:00:00,44.75,28.99,54.58
2022-09-20 23:00:00,45.1,28.99,54.58
2022-09-21 00:00:00,45.42,28.99,54.58
2022-09-21 01:00:00,45.74,28.99,54.58
2022-09-21 02:00:00,46.09,28.99,54.58
2022-09-21 03:00:00,46.4,28.99,54.58
2022-09-21 04:00:00,46.72,28.99,54.58
2022-09-21 05:00:00,47.05,28.99,54.58
2022-09-21 06:00:00,47.55,28.99,54.58
2022-09-21 07:00:00,48.06,28.99,54.58
2022-09-21 08:00:00,48.44,28.99,54.65
2022-09-21 09:00:00,49.62,28.99,54.79
2022-09-21 10:00:00,49.87,29.01,55.16
2022-09-21 11:00:00,49.9,29.57,56.37
2022-09-21 12:00:00,49.9,30.2,58.31
2022-09-21 13:00:00,49.93,31.48,60.48
2022-09-21 14:00:00,49.95,32.88,62.89
2022-09-21 15:00:00,49.97,33.71,65.07
2022-09-21 16:00:00,50.61,34.2,66.14
2022-09-21 17:00:00,50.95,34.97,67.76
2022-09-21 18:00:00,51.15,35.11,68.37
2022-09-21 19:00:00,51.51,35.11,68.46
2022-09-21 20:00:00,52.16,35.11,68.46
2022-09-21 21:00:00,52.75,35.11,68.46
2022-09-21 22:00:00,53.12,35.11,68.46
2022-09-21 23:00:00,53.49,35.11,68.46
2022-09-22 00:00:00,53.81,35.11,68.46
2022-09-22 01:00:00,54.14,35.11,68.46
2022-09-22 02:00:00,54.47,35.11,68.46
2022-09-22 03:00:00,54.82,35.11,68.46
2022-09-22 04:00:00,55.18,35.11,68.46
2022-09-22 05:00:00,55.54,35.11,68.46
2022-09-22 06:00:00,55.98,35.11,68.46
2022-09-22 07:00:00,56.46,35.11,68.46
2022-09-22 08:00:00,56.71,35.11,68.55
2022-09-22 09:00:00,56.93,35.11,68.71
2022-09-22 10:00:00,57.01,35.21,69.14
2022-09-22 11:00:00,57.05,35.95,70.27
2022-09-22 12:00:00,57.26,37.12,72.25
2022-09-22 13:00:00,57.27,38.94,74.67
2022-09-22 14:00:00,57.35,41.01,77.39
2022-09-22 15:00:00,57.83,41.71,80.05
2022-09-22 16:00:00,58.13,42.9,82.27
2022-09-22 17:00:00,58.46,43.36,83.38
2022-09-22 18:00:00,58.5,43.5,83.97
2022-09-22 19:00:00,58.9,43.5,84.03
2022-09-22 20:00:00,59.35,43.5,84.03
2022-09-22 21:00:00,59.77,43.5,84.03
2022-09-22 22:00:00,60.1,43.5,84.03
2022-09-22 23:00:00,60.44,43.5,84.03
2022-09-23 00:00:00,60.78,43.5,84.03
2022-09-23 01:00:00,61.13,43.5,84.03
2022-09-23 02:00:00,61.5,43.5,84.03
2022-09-23 03:00:00,61.83,43.5,84.03
2022-09-23 04:00:00,62.17,43.5,84.03
2022-09-23 05:00:00,62.53,43.5,84.03
2022-09-23 06:00:00,62.96,43.5,84.03
2022-09-23 07:00:00,63.48,43.5,84.03
2022-09-23 08:00:00,63.87,43.5,84.1
2022-09-23 09:00:00,63.96,43.51,84.44
2022-09-23 10:00:00,63.96,43.6,84.97
2022-09-23 11:00:00,63.96,43.94,85.75
2022-09-23 12:00:00,63.96,44.64,86.89
2022-09-23 13:00:00,63.98,45.23,87.93
2022-09-23 14:00:00,64.82,45.47,89.06
2022-09-23 15:00:00,64.87,45.54,89.55
2022-09-23 16:00:00,65.04,45.54,89.83
2022-09-23 17:00:00,66.38,45.54,89.93
2022-09-23 18:00:00,67,45.54,89.95
2022-09-23 19:00:00,67.5,45.54,89.95
2022-09-23 20:00:00,68.29,45.54,89.95
2022-09-23 21:00:00,68.81,45.54,89.95
2022-09-23 22:00:00,69.17,45.54,89.95
2022-09-23 23:00:00,69.53,45.54,89.95
2022-09-24 00:00:00,69.89,45.54,89.95
2022-09-24 01:00:00,70.23,45.54,89.95
2022-09-24 02:00:00,70.6,45.54,89.95
2022-09-24 03:00:00,70.96,45.54,89.95
2022-09-24 04:00:00,71.3,45.54,89.95
2022-09-24 05:00:00,71.66,45.54,89.95
2022-09-24 06:00:00,72.03,45.54,89.95
2022-09-24 07:00:00,72.55,45.54,89.95
2022-09-24 08:00:00,72.96,45.54,90.02
2022-09-24 09:00:00,73.29,45.54,90.15
2022-09-24 10:00:00,74.43,45.55,90.35
2022-09-24 11:00:00,75.25,45.55,90.49
2022-09-24 12:00:00,76.44,45.55,90.79
2022-09-24 13:00:00,77.14,45.57,91.27
2022-09-24 14:00:00,78.61,45.57,91.43
2022-09-24 15:00:00,78.71,45.58,91.65
2022-09-24 16:00:00,78.77,45.59,91.93
2022-09-24 17:00:00,79.5,45.59,92.13
2022-09-24 18:00:00,79.93,45.59,92.24
2022-09-24 19:00:00,80.29,45.59,92.28
2022-09-24 20:00:00,80.73,45.59,92.28
2022-09-24 21:00:00,81.31,45.59,92.28
2022-09-24 22:00:00,81.66,45.59,92.28
2022-09-24 23:00:00,82.01,45.59,92.28
2022-09-25 00:00:00,82.37,45.59,92.28
2022-09-25 01:00:00,82.71,45.59,92.28
2022-09-25 02:00:00,83.05,45.59,92.28
2022-09-25 03:00:00,83.41,45.59,92.28
2022-09-25 04:00:00,83.75,45.59,92.28
2022-09-25 05:00:00,84.09,45.59,92.28
2022-09-25 06:00:00,84.46,45.59,92.28
2022-09-25 07:00:00,85.01,45.59,92.28
2022-09-25 08:00:00,85.32,45.59,92.34
2022-09-25 09:00:00,85.51,45.59,92.62
2022-09-25 10:00:00,86.36,45.63,93.21
2022-09-25 11:00:00,87.57,45.96,94.3
2022-09-25 12:00:00,88.48,46.4,96.14
2022-09-25 13:00:00,89.27,46.61,97.21
2022-09-25 14:00:00,89.67,47.04,98.98
2022-09-25 15:00:00,89.94,48.82,101.24
2022-09-25 16:00:00,89.97,49.59,102.44
2022-09-25 17:00:00,89.98,50.68,103.95
2022-09-25 18:00:00,91.06,50.68,104.1
2022-09-25 19:00:00,92.38,50.68,104.11
2022-09-25 20:00:00,93.5,50.68,104.11
2022-09-25 21:00:00,94.44,50.68,104.11
2022-09-25 22:00:00,94.9,50.68,104.11
2022-09-25 23:00:00,95.33,50.68,104.11
2022-09-26 00:00:00,95.77,50.68,104.11
2022-09-26 01:00:00,96.23,50.68,104.11
2022-09-26 02:00:00,96.66,50.68,104.11
2022-09-26 03:00:00,97.1,50.68,104.11
2022-09-26 04:00:00,97.57,50.68,104.11
2022-09-26 05:00:00,98,50.68,104.11
2022-09-26 06:00:00,98.45,50.68,104.11
2022-09-26 07:00:00,99.04,50.68,104.11
2022-09-26 08:00:00,99.49,50.68,104.14
2022-09-26 09:00:00,99.82,50.68,104.25
2022-09-26 10:00:00,100.1,50.68,104.43
2022-09-26 11:00:00,100.32,50.68,104.78
2022-09-26 12:00:00,100.54,50.68,105.24
2022-09-26 13:00:00,100.79,50.68,105.4
2022-09-26 14:00:00,101.58,50.68,105.7
2022-09-26 15:00:00,101.86,50.74,106.19
2022-09-26 16:00:00,102.65,50.74,106.55
2022-09-26 17:00:00,103.75,51.08,107.53
2022-09-26 18:00:00,104.83,51.08,107.63
2022-09-26 19:00:00,105.35,51.08,107.63
2022-09-26 20:00:00,106.1,51.08,107.63
2022-09-26 21:00:00,106.65,51.08,107.63
2022-09-26 22:00:00,107,51.08,107.63
2022-09-26 23:00:00,107.35,51.08,107.63
2022-09-27 00:00:00,107.69,51.08,107.63
2022-09-27 01:00:00,108.03,51.08,107.63
2022-09-27 02:00:00,108.38,51.08,107.63
2022-09-27 03:00:00,108.72,51.08,107.63
2022-09-27 04:00:00,109.06,51.08,107.63
2022-09-27 05:00:00,109.42,51.08,107.63
2022-09-27 06:00:00,109.83,51.08,107.63
2022-09-27 07:00:00,110.27,51.08,107.63
2022-09-27 08:00:00,110.72,51.08,107.64
2022-09-27 09:00:00,111.21,51.08,107.71
2022-09-27 10:00:00,111.62,51.18,108.19
2022-09-27 11:00:00,113.34,51.28,109.16
2022-09-27 12:00:00,113.39,51.89,110.28
2022-09-27 13:00:00,113.45,52.69,111.76
2022-09-27 14:00:00,114.1,52.93,112.75
2022-09-27 15:00:00,114.18,53.37,113.8
2022-09-27 16:00:00,114.2,54.48,115.36
2022-09-27 17:00:00,115.85,54.52,116.57
2022-09-27 18:00:00,117.5,54.52,116.6
2022-09-27 19:00:00,118.15,54.52,116.6
2022-09-27 20:00:00,118.94,54.52,116.6
2022-09-27 21:00:00,119.39,54.52,116.6
2022-09-27 22:00:00,119.76,54.52,116.6
2022-09-27 23:00:00,120.12,54.52,116.6
2022-09-28 00:00:00,120.45,54.52,116.6
2022-09-28 01:00:00,120.81,54.52,116.6
2022-09-28 02:00:00,121.13,54.52,116.6
2022-09-28 03:00:00,121.45,54.52,116.6
2022-09-28 04:00:00,121.79,54.52,116.6
2022-09-28 05:00:00,122.14,54.52,116.6
2022-09-28 06:00:00,122.52,54.52,116.6
2022-09-28 07:00:00,122.98,54.52,116.6
2022-09-28 08:00:00,123.27,54.52,116.67
2022-09-28 09:00:00,123.81,54.52,116.8
2022-09-28 10:00:00,123.86,54.62,117.25
2022-09-28 11:00:00,123.86,55.23,118.27
2022-09-28 12:00:00,124.77,55.88,119.41
2022-09-28 13:00:00,124.88,56.64,120.71
2022-09-28 14:00:00,125.41,57.21,122.49
2022-09-28 15:00:00,126.03,58.47,124.48
2022-09-28 16:00:00,126.03,60.18,126.58
2022-09-28 17:00:00,126.38,61.14,128.35
2022-09-28 18:00:00,126.44,62.12,129.76
2022-09-28 19:00:00,126.85,62.12,129.78
2022-09-28 20:00:00,127.52,62.12,129.78
2022-09-28 21:00:00,127.95,62.12,129.78
2022-09-28 22:00:00,128.33,62.12,129.78
2022-09-28 23:00:00,128.67,62.12,129.78
2022-09-29 00:00:00,128.99,62.12,129.78
2022-09-29 01:00:00,129.32,62.12,129.78
2022-09-29 02:00:00,129.65,62.12,129.78
2022-09-29 03:00:00,129.99,62.12,129.78
2022-09-29 04:00:00,130.34,62.12,129.78
2022-09-29 05:00:00,130.68,62.12,129.78
2022-09-29 06:00:00,131.16,62.12,129.78
2022-09-29 07:00:00,131.62,62.12,129.78
2022-09-29 08:00:00,131.99,62.12,129.88
2022-09-29 09:00:00,132.25,62.12,130.02
2022-09-29 10:00:00,132.37,62.15,130.37
2022-09-29 11:00:00,132.61,62.55,131.5
2022-09-29 12:00:00,132.89,63.7,133.48
2022-09-29 13:00:00,133.17,64.64,134.92
2022-09-29 14:00:00,134.29,64.78,136
2022-09-29 15:00:00,134.58,65.2,137.2
2022-09-29 16:00:00,134.68,65.65,138.42
2022-09-29 17:00:00,134.74,66.32,139.77
2022-09-29 18:00:00,135.38,66.76,140.59
2022-09-29 19:00:00,136.36,66.76,140.61
2022-09-29 20:00:00,136.94,66.76,140.61
2022-09-29 21:00:00,137.32,66.76,140.61
2022-09-29 22:00:00,137.66,66.76,140.61
2022-09-29 23:00:00,137.98,66.76,140.61
2022-09-30 00:00:00,138.32,66.76,140.61
2022-09-30 01:00:00,138.65,66.76,140.61
2022-09-30 02:00:00,138.98,66.76,140.61
2022-09-30 03:00:00,139.31,66.76,140.61
2022-09-30 04:00:00,139.64,66.76,140.61
2022-09-30 05:00:00,139.96,66.76,140.61
2022-09-30 06:00:00,140.48,66.76,140.61
2022-09-30 07:00:00,140.95,66.76,140.61
2022-09-30 08:00:00,142.14,66.76,140.66
2022-09-30 09:00:00,143.07,66.76,140.78
2022-09-30 10:00:00,143.18,66.82,141.12
2022-09-30 11:00:00,143.18,67.54,142.24
2022-09-30 12:00:00,143.45,68.48,144.11
2022-09-30 13:00:00,143.47,69.52,145.9
2022-09-30 14:00:00,143.48,70.55,148.38
2022-09-30 15:00:00,143.7,71.87,150.52
2022-09-30 16:00:00,143.81,72.73,152.18
2022-09-30 17:00:00,144.52,73.2,153.22
2022-09-30 18:00:00,145.58,73.2,153.38
2022-09-30 19:00:00,146.02,73.2,153.38
2022-09-30 20:00:00,146.67,73.2,153.38
2022-09-30 21:00:00,147.12,73.2,153.38
2022-09-30 22:00:00,147.45,73.2,153.38
2022-09-30 23:00:00,147.79,73.2,153.38
2022-10-01 00:00:00,148.12,73.2,153.38
2022-10-01 01:00:00,148.46,73.2,153.38
2022-10-01 02:00:00,148.79,73.2,153.38
2022-10-01 03:00:00,149.12,73.2,153.38
2022-10-01 04:00:00,149.48,73.2,153.38
2022-10-01 05:00:00,149.8,73.2,153.38
2022-10-01 06:00:00,150.2,73.2,153.38
2022-10-01 07:00:00,150.75,73.2,153.38
2022-10-01 08:00:00,151.19,73.2,153.42
2022-10-01 09:00:00,151.46,73.2,153.58
2022-10-01 10:00:00,151.51,73.28,153.99
2022-10-01 11:00:00,152.85,73.59,155.1
2022-10-01 12:00:00,153.22,74.01,156.1
2022-10-01 13:00:00,153.23,75.33,157.79
2022-10-01 14:00:00,153.23,78.04,160.83
2022-10-01 15:00:00,153.23,80.07,163.2
2022-10-01 16:00:00,153.23,81.45,164.95
2022-10-01 17:00:00,153.27,81.48,165.24
2022-10-01 18:00:00,153.34,81.66,165.68
2022-10-01 19:00:00,153.66,81.66,165.69
2022-10-01 20:00:00,154.13,81.66,165.69
2022-10-01 21:00:00,154.61,81.66,165.69
2022-10-01 22:00:00,154.93,81.66,165.69
2022-10-01 23:00:00,155.25,81.66,165.69
2022-10-02 00:00:00,155.58,81.66,165.69
2022-10-02 01:00:00,155.9,81.66,165.69
2022-10-02 02:00:00,156.21,81.66,165.69
2022-10-02 03:00:00,156.54,81.66,165.69
2022-10-02 04:00:00,156.86,81.66,165.69
2022-10-02 05:00:00,157.19,81.66,165.69
2022-10-02 06:00:00,157.58,81.66,165.69
2022-10-02 07:00:00,158.1,81.66,165.69
2022-10-02 08:00:00,158.58,81.66,165.72
2022-10-02 09:00:00,160.15,81.66,165.91
2022-10-02 10:00:00,160.59,81.66,166.14
2022-10-02 11:00:00,161.45,81.66,166.45
2022-10-02 12:00:00,162.76,81.67,167.02
2022-10-02 13:00:00,162.77,81.95,167.77
2022-10-02 14:00:00,164.19,82.01,168.48
2022-10-02 15:00:00,164.37,82.58,169.55
2022-10-02 16:00:00,164.6,83.67,171.56
2022-10-02 17:00:00,165.04,84.28,173.38
2022-10-02 18:00:00,165.35,84.65,174.38
2022-10-02 19:00:00,165.85,84.65,174.39
2022-10-02 20:00:00,166.45,84.65,174.39
2022-10-02 21:00:00,166.88,84.65,174.39
2022-10-02 22:00:00,167.21,84.65,174.39
2022-10-02 23:00:00,167.52,84.65,174.39
2022-10-03 00:00:00,167.85,84.65,174.39
2022-10-03 01:00:00,168.17,84.65,174.39
2022-10-03 02:00:00,168.51,84.65,174.39
2022-10-03 03:00:00,168.84,84.65,174.39
2022-10-03 04:00:00,169.15,84.65,174.39
2022-10-03 05:00:00,169.48,84.65,174.39
2022-10-03 06:00:00,169.86,84.65,174.39
2022-10-03 07:00:00,170.29,84.65,174.39
2022-10-03 08:00:00,170.68,84.65,174.47
2022-10-03 09:00:00,170.98,84.65,174.64
2022-10-03 10:00:00,171.18,84.68,175.03
2022-10-03 11:00:00,171.26,84.94,176.01
2022-10-03 12:00:00,171.26,86.13,177.55
2022-10-03 13:00:00,171.54,87.09,179.36
2022-10-03 14:00:00,171.57,87.85,180.68
2022-10-03 15:00:00,171.57,88.48,181.77
2022-10-03 16:00:00,171.66,89.19,183.58
2022-10-03 17:00:00,172.79,89.8,185.07
2022-10-03 18:00:00,173.4,89.81,185.31
2022-10-03 19:00:00,173.91,89.81,185.31
2022-10-03 20:00:00,175.1,89.81,185.31
2022-10-03 21:00:00,175.58,89.81,185.31
2022-10-03 22:00:00,175.94,89.81,185.31
2022-10-03 23:00:00,176.26,89.81,185.31
2022-10-04 00:00:00,176.56,89.81,185.31
2022-10-04 01:00:00,176.88,89.81,185.31
2022-10-04 02:00:00,177.17,89.81,185.31
2022-10-04 03:00:00,177.46,89.81,185.31
2022-10-04 04:00:00,177.78,89.81,185.31
2022-10-04 05:00:00,178.09,89.81,185.31
2022-10-04 06:00:00,178.5,89.81,185.31
2022-10-04 07:00:00,178.89,89.81,185.31
2022-10-04 08:00:00,179.13,89.81,185.39
2022-10-04 09:00:00,179.16,89.83,185.72
2022-10-04 10:00:00,179.19,89.97,186.19
2022-10-04 11:00:00,179.19,90.73,187.27
2022-10-04 12:00:00,179.66,91.37,189.11
2022-10-04 13:00:00,179.88,92.35,191.38
2022-10-04 14:00:00,179.89,94.37,193.9
2022-10-04 15:00:00,179.91,96.31,196.82
2022-10-04 16:00:00,180.06,96.92,198.53
2022-10-04 17:00:00,181.22,96.97,199.19
2022-10-04 18:00:00,181.85,96.97,199.24
2022-10-04 19:00:00,182.5,96.97,199.24
2022-10-04 20:00:00,183.16,96.97,199.24
2022-10-04 21:00:00,183.64,96.97,199.24
2022-10-04 22:00:00,183.96,96.97,199.24
2022-10-04 23:00:00,184.26,96.97,199.24
2022-10-05 00:00:00,184.57,96.97,199.24
2022-10-05 01:00:00,184.89,96.97,199.24
2022-10-05 02:00:00,185.21,96.97,199.24
2022-10-05 03:00:00,185.52,96.97,199.24
2022-10-05 04:00:00,185.83,96.97,199.24
2022-10-05 05:00:00,186.16,96.97,199.24
2022-10-05 06:00:00,186.58,96.97,199.24
2022-10-05 07:00:00,187.06,96.97,199.24
2022-10-05 08:00:00,187.44,96.97,199.25
2022-10-05 09:00:00,187.78,96.97,199.33
2022-10-05 10:00:00,188.42,96.97,199.6
2022-10-05 11:00:00,188.43,97.08,200.06
2022-10-05 12:00:00,188.43,97.53,200.83
2022-10-05 13:00:00,188.43,97.84,201.49
2022-10-05 14:00:00,189.74,97.88,202
2022-10-05 15:00:00,189.8,98,202.5
2022-10-05 16:00:00,189.99,98.18,202.99
2022-10-05 17:00:00,191.46,98.18,203.1
2022-10-05 18:00:00,192.02,98.18,203.13
2022-10-05 19:00:00,192.47,98.18,203.13
2022-10-05 20:00:00,192.96,98.18,203.13
2022-10-05 21:00:00,193.47,98.18,203.13
2022-10-05 22:00:00,193.79,98.18,203.13
2022-10-05 23:00:00,194.13,98.18,203.13
2022-10-06 00:00:00,194.45,98.18,203.13
2022-10-06 01:00:00,194.77,98.18,203.13
2022-10-06 02:00:00,195.09,98.18,203.13
2022-10-06 03:00:00,195.4,98.18,203.13
2022-10-06 04:00:00,195.71,98.18,203.13
2022-10-06 05:00:00,196.03,98.18,203.13
2022-10-06 06:00:00,196.44,98.18,203.13
2022-10-06 07:00:00,196.86,98.18,203.13
2022-10-06 08:00:00,197.13,98.18,203.17
2022-10-06 09:00:00,197.34,98.18,203.29
2022-10-06 10:00:00,197.42,98.25,203.6
2022-10-06 11:00:00,197.42,98.96,204.65
2022-10-06 12:00:00,197.93,99.57,206.55
2022-10-06 13:00:00,198.07,100.94,209.09
2022-10-06 14:00:00,198.07,103.02,211.88
2022-10-06 15:00:00,198.39,104.07,214.6
2022-10-06 16:00:00,198.48,105.48,216.84
2022-10-06 17:00:00,199.19,106.35,218.88
2022-10-06 18:00:00,199.34,106.65,219.49
2022-10-06 19:00:00,199.74,106.65,219.49
2022-10-06 20:00:00,200.38,106.65,219.49
2022-10-06 21:00:00,200.74,106.65,219.49
2022-10-06 22:00:00,201.11,106.65,219.49
2022-10-06 23:00:00,201.48,106.65,219.49
2022-10-07 00:00:00,201.79,106.65,219.49
2022-10-07 01:00:00,202.12,106.65,219.49
2022-10-07 02:00:00,202.43,106.65,219.49
2022-10-07 03:00:00,202.74,106.65,219.49
2022-10-07 04:00:00,203.06,106.65,219.49
2022-10-07 05:00:00,203.37,106.65,219.49
2022-10-07 06:00:00,203.73,106.65,219.49
2022-10-07 07:00:00,204.16,106.65,219.49
2022-10-07 08:00:00,204.53,106.65,219.54
2022-10-07 09:00:00,204.81,106.65,219.66
2022-10-07 10:00:00,204.94,106.67,219.98
2022-10-07 11:00:00,204.94,107.3,221.02
2022-10-07 12:00:00,205.53,107.76,222.88
2022-10-07 13:00:00,205.61,109.69,225.34
2022-10-07 14:00:00,205.61,111.55,227.61
2022-10-07 15:00:00,205.61,113.74,230.27
2022-10-07 16:00:00,205.71,114.84,232.07
2022-10-07 17:00:00,206.51,115.09,232.88
2022-10-07 18:00:00,207.19,115.09,232.97
2022-10-07 19:00:00,207.88,115.09,232.98
2022-10-07 20:00:00,208.37,115.09,232.98
2022-10-07 21:00:00,208.71,115.09,232.98
2022-10-07 22:00:00,209.02,115.09,232.98
2022-10-07 23:00:00,209.34,115.09,232.98
2022-10-08 00:00:00,209.65,115.09,232.98
2022-10-08 01:00:00,209.96,115.09,232.98
2022-10-08 02:00:00,210.26,115.09,232.98
2022-10-08 03:00:00,210.58,115.09,232.98
2022-10-08 04:00:00,210.89,115.09,232.98
2022-10-08 05:00:00,211.2,115.09,232.98
2022-10-08 06:00:00,211.55,115.09,232.98
2022-10-08 07:00:00,212.08,115.09,232.98
2022-10-08 08:00:00,212.49,115.09,233.01
2022-10-08 09:00:00,212.75,115.09,233.13
2022-10-08 10:00:00,212.89,115.15,233.43
2022-10-08 11:00:00,213.29,115.53,234.45
2022-10-08 12:00:00,213.65,116.27,235.81
2022-10-08 13:00:00,214.04,117.36,237.97
2022-10-08 14:00:00,214.08,118.51,240.1
2022-10-08 15:00:00,214.09,120.73,242.79
2022-10-08 16:00:00,214.09,123.13,245.56
2022-10-08 17:00:00,214.09,124.7,247.47
2022-10-08 18:00:00,214.66,125.04,248.1
2022-10-08 19:00:00,215.36,125.04,248.1
2022-10-08 20:00:00,215.95,125.04,248.1
2022-10-08 21:00:00,216.47,125.04,248.1
2022-10-08 22:00:00,216.79,125.04,248.1
2022-10-08 23:00:00,217.12,125.04,248.1
2022-10-09 00:00:00,217.42,125.04,248.1
2022-10-09 01:00:00,217.74,125.04,248.1
2022-10-09 02:00:00,218.05,125.04,248.1
2022-10-09 03:00:00,218.36,125.04,248.1
2022-10-09 04:00:00,218.67,125.04,248.1
2022-10-09 05:00:00,218.97,125.04,248.1
2022-10-09 06:00:00,219.34,125.04,248.1
2022-10-09 07:00:00,219.77,125.04,248.1
2022-10-09 08:00:00,220.15,125.04,248.13
2022-10-09 09:00:00,220.51,125.04,248.25
2022-10-09 10:00:00,220.63,125.07,248.55
2022-10-09 11:00:00,220.75,125.61,249.6
2022-10-09 12:00:00,220.95,126.45,251.45
2022-10-09 13:00:00,221.27,127.23,253.86
2022-10-09 14:00:00,221.32,128.97,256.5
2022-10-09 15:00:00,221.61,130.6,259.27
2022-10-09 16:00:00,221.84,131.49,261.89
2022-10-09 17:00:00,221.95,132.49,264.04
2022-10-09 18:00:00,222.79,132.55,264.63
2022-10-09 19:00:00,223.57,132.55,264.63
2022-10-09 20:00:00,224.11,132.55,264.63
2022-10-09 21:00:00,224.5,132.55,264.63
2022-10-09 22:00:00,224.82,132.55,264.63
2022-10-09 23:00:00,225.12,132.55,264.63
2022-10-10 00:00:00,225.46,132.55,264.63
2022-10-10 01:00:00,225.76,132.55,264.63
2022-10-10 02:00:00,226.05,132.55,264.63
2022-10-10 03:00:00,226.36,132.55,264.63
2022-10-10 04:00:00,226.68,132.55,264.63
2022-10-10 05:00:00,226.98,132.55,264.63
2022-10-10 06:00:00,227.33,132.55,264.63
2022-10-10 07:00:00,227.77,132.55,264.63
2022-10-10 08:00:00,228.13,132.55,264.67
2022-10-10 09:00:00,228.34,132.55,264.93
2022-10-10 10:00:00,228.45,132.59,265.35
2022-10-10 11:00:00,228.45,133.11,266.27
2022-10-10 12:00:00,228.45,134.23,267.84
2022-10-10 13:00:00,228.61,134.46,268.57
2022-10-10 14:00:00,228.83,134.63,269.08
2022-10-10 15:00:00,229.09,134.63,269.28
2022-10-10 16:00:00,230.26,134.63,269.37
2022-10-10 17:00:00,230.74,134.63,269.52
2022-10-10 18:00:00,230.96,134.79,269.97
2022-10-10 19:00:00,231.33,134.79,269.97
2022-10-10 20:00:00,231.87,134.79,269.97
2022-10-10 21:00:00,232.33,134.79,269.97
2022-10-10 22:00:00,232.61,134.79,269.97
2022-10-10 23:00:00,232.9,134.79,269.97
2022-10-11 00:00:00,233.22,134.79,269.97
2022-10-11 01:00:00,233.52,134.79,269.97
2022-10-11 02:00:00,233.82,134.79,269.97
2022-10-11 03:00:00,234.14,134.79,269.97
2022-10-11 04:00:00,234.43,134.79,269.97
2022-10-11 05:00:00,234.72,134.79,269.97
2022-10-11 06:00:00,235.09,134.79,269.97
2022-10-11 07:00:00,235.61,134.79,269.97
2022-10-11 08:00:00,235.86,134.79,270.04
2022-10-11 09:00:00,236.1,134.79,270.19
2022-10-11 10:00:00,236.17,134.85,270.51
2022-10-11 11:00:00,236.51,135.23,271.49
2022-10-11 12:00:00,236.82,136.08,273.3
2022-10-11 13:00:00,236.96,137.41,275.61
2022-10-11 14:00:00,236.96,139.53,278.18
2022-10-11 15:00:00,237.32,140.34,280.89
2022-10-11 16:00:00,237.34,142.05,283.38
2022-10-11 17:00:00,239.08,142.16,285.17
2022-10-11 18:00:00,239.94,142.16,285.5
2022-10-11 19:00:00,240.59,142.16,285.5
2022-10-11 20:00:00,241.24,142.16,285.5
2022-10-11 21:00:00,241.67,142.16,285.5
2022-10-11 22:00:00,242.02,142.16,285.5
2022-10-11 23:00:00,242.32,142.16,285.5
2022-10-12 00:00:00,242.62,142.16,285.5
2022-10-12 01:00:00,242.94,142.16,285.5
2022-10-12 02:00:00,243.23,142.16,285.5
2022-10-12 03:00:00,243.54,142.16,285.5
2022-10-12 04:00:00,243.85,142.16,285.5
2022-10-12 05:00:00,244.16,142.16,285.5
2022-10-12 06:00:00,244.47,142.16,285.5
2022-10-12 07:00:00,244.94,142.16,285.5
2022-10-12 08:00:00,245.2,142.16,285.55
2022-10-12 09:00:00,245.52,142.16,285.73
2022-10-12 10:00:00,245.8,142.26,286.16
2022-10-12 11:00:00,245.82,142.93,287.2
2022-10-12 12:00:00,246.01,143.52,288.59
2022-10-12 13:00:00,246.3,144.16,289.9
2022-10-12 14:00:00,246.3,145.58,291.64
2022-10-12 15:00:00,246.3,147.46,293.87
2022-10-12 16:00:00,246.3,148.13,294.83
2022-10-12 17:00:00,247.76,148.21,295.51
2022-10-12 18:00:00,248.29,148.21,295.61
2022-10-12 19:00:00,248.67,148.21,295.61
2022-10-12 20:00:00,249.79,148.21,295.61
2022-10-12 21:00:00,250.37,148.21,295.61
2022-10-12 22:00:00,250.67,148.21,295.61
2022-10-12 23:00:00,250.97,148.21,295.61
2022-10-13 00:00:00,251.28,148.21,295.61
2022-10-13 01:00:00,251.57,148.21,295.61
2022-10-13 02:00:00,251.88,148.21,295.61
2022-10-13 03:00:00,252.21,148.21,295.61
2022-10-13 04:00:00,252.51,148.21,295.61
2022-10-13 05:00:00,252.8,148.21,295.61
2022-10-13 06:00:00,253.2,148.21,295.61
2022-10-13 07:00:00,253.66,148.21,295.61
2022-10-13 08:00:00,254.02,148.21,295.62
2022-10-13 09:00:00,254.66,148.21,295.76
2022-10-13 10:00:00,255.72,148.22,296
2022-10-13 11:00:00,256.07,148.22,296.24
2022-10-13 12:00:00,256.07,148.47,296.81
2022-10-13 13:00:00,256.09,148.85,297.5
2022-10-13 14:00:00,256.11,148.98,297.93
2022-10-13 15:00:00,256.4,148.98,298.15
2022-10-13 16:00:00,256.73,148.98,298.31
2022-10-13 17:00:00,258.81,148.98,298.35
2022-10-13 18:00:00,259.86,148.98,298.35
2022-10-13 19:00:00,260.32,148.98,298.35
2022-10-13 20:00:00,260.91,148.98,298.35
2022-10-13 21:00:00,261.37,148.98,298.35
2022-10-13 22:00:00,261.71,148.98,298.35
2022-10-13 23:00:00,262.03,148.98,298.35
2022-10-14 00:00:00,262.34,148.98,298.35
2022-10-14 01:00:00,262.65,148.98,298.35
2022-10-14 02:00:00,262.97,148.98,298.35
2022-10-14 03:00:00,263.28,148.98,298.35
2022-10-14 04:00:00,263.6,148.98,298.35
2022-10-14 05:00:00,263.9,148.98,298.35
2022-10-14 06:00:00,264.47,148.98,298.35
2022-10-14 07:00:00,264.97,148.98,298.35
2022-10-14 08:00:00,265.49,148.98,298.35
2022-10-14 09:00:00,266.04,148.98,298.39
2022-10-14 10:00:00,266.48,148.98,298.5
2022-10-14 11:00:00,266.83,148.98,298.7
2022-10-14 12:00:00,267.26,149.04,299.2
2022-10-14 13:00:00,268.11,149.27,300.14
2022-10-14 14:00:00,268.12,149.66,300.99
2022-10-14 15:00:00,268.13,149.77,301.47
2022-10-14 16:00:00,269.11,149.77,301.8
2022-10-14 17:00:00,269.61,149.77,302.04
2022-10-14 18:00:00,270.08,149.77,302.13
2022-10-14 19:00:00,270.52,149.77,302.13
2022-10-14 20:00:00,271.09,149.77,302.13
2022-10-14 21:00:00,271.61,149.77,302.13
2022-10-14 22:00:00,271.89,149.77,302.13
2022-10-14 23:00:00,272.17,149.77,302.13
2022-10-15 00:00:00,272.47,149.77,302.13
2022-10-15 01:00:00,272.75,149.77,302.13
2022-10-15 02:00:00,273.03,149.77,302.13
2022-10-15 03:00:00,273.31,149.77,302.13
2022-10-15 04:00:00,273.57,149.77,302.13
2022-10-15 05:00:00,273.87,149.77,302.13
2022-10-15 06:00:00,274.35,149.77,302.13
2022-10-15 07:00:00,274.84,149.77,302.13
2022-10-15 08:00:00,275.38,149.77,302.14
2022-10-15 09:00:00,275.94,149.77,302.25
2022-10-15 10:00:00,276.26,149.77,302.5
2022-10-15 11:00:00,276.32,149.81,302.89
2022-10-15 12:00:00,276.33,149.99,303.36
2022-10-15 13:00:00,276.33,151.17,304.83
2022-10-15 14:00:00,276.33,152.35,306.31
2022-10-15 15:00:00,276.33,153.62,307.89
2022-10-15 16:00:00,276.54,154.32,309.19
2022-10-15 17:00:00,277.11,154.54,310.16
2022-10-15 18:00:00,277.38,154.64,310.43
2022-10-15 19:00:00,277.74,154.64,310.43
2022-10-15 20:00:00,278.32,154.64,310.43
2022-10-15 21:00:00,278.69,154.64,310.43
2022-10-15 22:00:00,278.97,154.64,310.43
2022-10-15 23:00:00,279.25,154.64,310.43
2022-10-16 00:00:00,279.51,154.64,310.43
2022-10-16 01:00:00,279.79,154.64,310.43
2022-10-16 02:00:00,280.08,154.64,310.43
2022-10-16 03:00:00,280.36,154.64,310.43
2022-10-16 04:00:00,280.65,154.64,310.43
2022-10-16 05:00:00,280.93,154.64,310.43
2022-10-16 06:00:00,281.21,154.64,310.43
2022-10-16 07:00:00,281.54,154.64,310.43
2022-10-16 08:00:00,281.93,154.64,310.45
2022-10-16 09:00:00,283.54,154.64,310.56
2022-10-16 10:00:00,283.97,154.64,310.82
2022-10-16 11:00:00,284.77,154.64,311.8
2022-10-16 12:00:00,284.91,155.07,313.44
2022-10-16 13:00:00,285.77,155.2,314.73
2022-10-16 14:00:00,286.04,156.22,317.01
2022-10-16 15:00:00,286.08,156.61,317.85
2022-10-16 16:00:00,286.86,156.62,318.21
2022-10-16 17:00:00,287.85,156.62,318.29
2022-10-16 18:00:00,288.16,156.62,318.29
2022-10-16 19:00:00,288.55,156.62,318.29
2022-10-16 20:00:00,289.33,156.62,318.29
2022-10-16 21:00:00,289.7,156.62,318.29
2022-10-16 22:00:00,290,156.62,318.29
2022-10-16 23:00:00,290.29,156.62,318.29
2022-10-17 00:00:00,290.58,156.62,318.29
2022-10-17 01:00:00,290.86,156.62,318.29
2022-10-17 02:00:00,291.14,156.62,318.29
2022-10-17 03:00:00,291.43,156.62,318.29
2022-10-17 04:00:00,291.7,156.62,318.29
2022-10-17 05:00:00,291.98,156.62,318.29
2022-10-17 06:00:00,292.34,156.62,318.29
2022-10-17 07:00:00,292.79,156.62,318.29
2022-10-17 08:00:00,293.16,156.62,318.29
2022-10-17 09:00:00,293.59,156.62,318.31
2022-10-17 10:00:00,293.92,156.62,318.42
2022-10-17 11:00:00,294.18,156.62,318.56
2022-10-17 12:00:00,294.87,156.72,319.15
2022-10-17 13:00:00,294.96,156.87,319.76
2022-10-17 14:00:00,295.06,156.88,320.21
2022-10-17 15:00:00,295.31,156.95,320.82
2022-10-17 16:00:00,296.48,156.99,321.27
2022-10-17 17:00:00,297.95,156.99,321.35
2022-10-17 18:00:00,298.45,156.99,321.36
2022-10-17 19:00:00,298.87,156.99,321.36
2022-10-17 20:00:00,299.63,156.99,321.36
2022-10-17 21:00:00,300.03,156.99,321.36
2022-10-17 22:00:00,300.34,156.99,321.36
2022-10-17 23:00:00,300.62,156.99,321.36
2022-10-18 00:00:00,300.92,156.99,321.36
2022-10-18 01:00:00,301.21,156.99,321.36
2022-10-18 02:00:00,301.49,156.99,321.36
2022-10-18 03:00:00,301.8,156.99,321.36
2022-10-18 04:00:00,302.08,156.99,321.36
2022-10-18 05:00:00,302.36,156.99,321.36
2022-10-18 06:00:00,302.74,156.99,321.36
2022-10-18 07:00:00,303.36,156.99,321.36
2022-10-18 08:00:00,303.69,156.99,321.36
2022-10-18 09:00:00,303.88,156.99,321.49
2022-10-18 10:00:00,303.96,157.05,321.76
2022-10-18 11:00:00,304.04,157.64,322.74
2022-10-18 12:00:00,304.63,158,324.36
2022-10-18 13:00:00,304.94,158.82,326.59
2022-10-18 14:00:00,304.94,160.78,329.07
2022-10-18 15:00:00,305.26,161.71,331.43
2022-10-18 16:00:00,305.54,162.68,333.41
2022-10-18 17:00:00,305.79,163.49,335.06
2022-10-18 18:00:00,306.21,163.5,335.2
2022-10-18 19:00:00,306.59,163.5,335.2
2022-10-18 20:00:00,307.04,163.5,335.2
2022-10-18 21:00:00,307.36,163.5,335.2
2022-10-18 22:00:00,307.66,163.5,335.2
2022-10-18 23:00:00,307.93,163.5,335.2
2022-10-19 00:00:00,308.21,163.5,335.2
2022-10-19 01:00:00,308.49,163.5,335.2
2022-10-19 02:00:00,308.76,163.5,335.2
2022-10-19 03:00:00,309.04,163.5,335.2
2022-10-19 04:00:00,309.31,163.5,335.2
2022-10-19 05:00:00,309.58,163.5,335.2
2022-10-19 06:00:00,310,163.5,335.2
2022-10-19 07:00:00,310.38,163.5,335.2
2022-10-19 08:00:00,310.71,163.5,335.23
2022-10-19 09:00:00,310.94,163.5,335.43
2022-10-19 10:00:00,311.11,163.52,335.76
2022-10-19 11:00:00,311.14,164.08,336.76
2022-10-19 12:00:00,311.62,164.56,338.3
2022-10-19 13:00:00,311.67,165.93,340.05
2022-10-19 14:00:00,311.67,168.04,342.51
2022-10-19 15:00:00,311.67,169.81,344.63
2022-10-19 16:00:00,311.75,170.69,345.82
2022-10-19 17:00:00,312.44,170.77,346.71
2022-10-19 18:00:00,312.81,170.77,346.76
2022-10-19 19:00:00,313.15,170.77,346.76
2022-10-19 20:00:00,313.57,170.77,346.76
2022-10-19 21:00:00,313.88,170.77,346.76
2022-10-19 22:00:00,314.18,170.77,346.76
2022-10-19 23:00:00,314.46,170.77,346.76
2022-10-20 00:00:00,314.74,170.77,346.76
2022-10-20 01:00:00,315.02,170.77,346.76
2022-10-20 02:00:00,315.31,170.77,346.76
2022-10-20 03:00:00,315.57,170.77,346.76
2022-10-20 04:00:00,315.84,170.77,346.76
2022-10-20 05:00:00,316.12,170.77,346.76
2022-10-20 06:00:00,316.44,170.77,346.76
2022-10-20 07:00:00,316.87,170.77,346.76
2022-10-20 08:00:00,317.23,170.77,346.77
2022-10-20 09:00:00,317.55,170.77,346.83
2022-10-20 10:00:00,317.86,170.77,346.93
2022-10-20 11:00:00,317.91,170.83,347.25
2022-10-20 12:00:00,318.06,170.99,347.6
2022-10-20 13:00:00,318.06,171.26,348.19
2022-10-20 14:00:00,318.13,172.27,350.55
2022-10-20 15:00:00,318.28,173.58,352.87
2022-10-20 16:00:00,318.28,175.31,354.98
2022-10-20 17:00:00,318.81,175.4,355.79
2022-10-20 18:00:00,320.5,175.4,355.8
2022-10-20 19:00:00,321.28,175.4,355.8
2022-10-20 20:00:00,321.94,175.4,355.8
2022-10-20 21:00:00,322.26,175.4,355.8
2022-10-20 22:00:00,322.56,175.4,355.8
2022-10-20 23:00:00,322.84,175.4,355.8
2022-10-21 00:00:00,323.13,175.4,355.8
2022-10-21 01:00:00,323.39,175.4,355.8
2022-10-21 02:00:00,323.66,175.4,355.8
2022-10-21 03:00:00,323.97,175.4,355.8
2022-10-21 04:00:00,324.26,175.4,355.8
2022-10-21 05:00:00,324.54,175.4,355.8
2022-10-21 06:00:00,324.86,175.4,355.8
2022-10-21 07:00:00,325.36,175.4,355.8
2022-10-21 08:00:00,325.83,175.4,355.8
2022-10-21 09:00:00,326.31,175.4,355.94
2022-10-21 10:00:00,326.45,175.4,356.21
2022-10-21 11:00:00,326.47,175.78,357.04
2022-10-21 12:00:00,326.47,176.53,358.11
2022-10-21 13:00:00,326.47,178.11,360.11
2022-10-21 14:00:00,326.48,180.08,362.65
2022-10-21 15:00:00,326.48,182.12,365.19
2022-10-21 16:00:00,326.64,183.02,366.82
2022-10-21 17:00:00,327.74,183.16,367.46
2022-10-21 18:00:00,328.61,183.16,367.52
2022-10-21 19:00:00,329.21,183.16,367.52
2022-10-21 20:00:00,330,183.16,367.52
2022-10-21 21:00:00,330.46,183.16,367.52
2022-10-21 22:00:00,330.73,183.16,367.52
2022-10-21 23:00:00,331.02,183.16,367.52
2022-10-22 00:00:00,331.3,183.16,367.52
2022-10-22 01:00:00,331.59,183.16,367.52
2022-10-22 02:00:00,331.88,183.16,367.52
2022-10-22 03:00:00,332.16,183.16,367.52
2022-10-22 04:00:00,332.45,183.16,367.52
2022-10-22 05:00:00,332.72,183.16,367.52
2022-10-22 06:00:00,333.13,183.16,367.52
2022-10-22 07:00:00,333.56,183.16,367.52
2022-10-22 08:00:00,334.07,183.16,367.53
2022-10-22 09:00:00,334.3,183.16,367.64
2022-10-22 10:00:00,334.37,183.21,367.93
2022-10-22 11:00:00,335.03,183.36,368.83
2022-10-22 12:00:00,335.57,183.81,369.93
2022-10-22 13:00:00,335.74,184.74,371.49
2022-10-22 14:00:00,336,186.07,373.55
2022-10-22 15:00:00,336.18,186.97,374.95
2022-10-22 16:00:00,336.2,187.39,375.7
2022-10-22 17:00:00,337.37,187.39,376.33
2022-10-22 18:00:00,338.18,187.39,376.37
2022-10-22 19:00:00,338.54,187.39,376.37
2022-10-22 20:00:00,339.1,187.39,376.37
2022-10-22 21:00:00,339.63,187.39,376.37
2022-10-22 22:00:00,339.93,187.39,376.37
2022-10-22 23:00:00,340.21,187.39,376.37
2022-10-23 00:00:00,340.5,187.39,376.37
2022-10-23 01:00:00,340.77,187.39,376.37
2022-10-23 02:00:00,341.05,187.39,376.37
2022-10-23 03:00:00,341.33,187.39,376.37
2022-10-23 04:00:00,341.6,187.39,376.37
2022-10-23 05:00:00,341.89,187.39,376.37
2022-10-23 06:00:00,342.28,187.39,376.37
2022-10-23 07:00:00,342.72,187.39,376.37
2022-10-23 08:00:00,343.17,187.39,376.37
2022-10-23 09:00:00,343.54,187.39,376.38
2022-10-23 10:00:00,343.91,187.39,376.46
2022-10-23 11:00:00,344.02,187.42,376.72
2022-10-23 12:00:00,344.02,187.63,377.23
2022-10-23 13:00:00,344.02,188.24,378.14
2022-10-23 14:00:00,344.03,189.27,379.47
2022-10-23 15:00:00,344.94,189.49,380.28
2022-10-23 16:00:00,345.17,189.49,380.43
2022-10-23 17:00:00,345.29,189.5,380.59
2022-10-23 18:00:00,345.81,189.5,380.6
2022-10-23 19:00:00,346.14,189.5,380.6
2022-10-23 20:00:00,346.73,189.5,380.6
2022-10-23 21:00:00,347.1,189.5,380.6
2022-10-23 22:00:00,347.38,189.5,380.6
2022-10-23 23:00:00,347.66,189.5,380.6
2022-10-24 00:00:00,347.94,189.5,380.6
2022-10-24 01:00:00,348.21,189.5,380.6
2022-10-24 02:00:00,348.52,189.5,380.6
2022-10-24 03:00:00,348.79,189.5,380.6
2022-10-24 04:00:00,349.07,189.5,380.6
2022-10-24 05:00:00,349.35,189.5,380.6
2022-10-24 06:00:00,349.65,189.5,380.6
2022-10-24 07:00:00,350.06,189.5,380.6
2022-10-24 08:00:00,350.48,189.5,380.6
2022-10-24 09:00:00,350.73,189.5,380.73
2022-10-24 10:00:00,350.99,189.53,381.12
2022-10-24 11:00:00,351.02,189.67,381.62
2022-10-24 12:00:00,351.53,189.81,382.24
2022-10-24 13:00:00,351.59,190.02,382.78
2022-10-24 14:00:00,351.6,191.16,384.34
2022-10-24 15:00:00,351.6,192.46,386.05
2022-10-24 16:00:00,351.62,193.76,387.73
2022-10-24 17:00:00,352.67,193.77,387.87
2022-10-24 18:00:00,353.2,193.77,387.87
2022-10-24 19:00:00,353.75,193.77,387.87
2022-10-24 20:00:00,354.38,193.77,387.87
2022-10-24 21:00:00,354.71,193.77,387.87
2022-10-24 22:00:00,354.99,193.77,387.87
2022-10-24 23:00:00,355.28,193.77,387.87
2022-10-25 00:00:00,355.56,193.77,387.87
2022-10-25 01:00:00,355.85,193.77,387.87
2022-10-25 02:00:00,356.13,193.77,387.87
2022-10-25 03:00:00,356.42,193.77,387.87
2022-10-25 04:00:00,356.7,193.77,387.87
2022-10-25 05:00:00,356.97,193.77,387.87
2022-10-25 06:00:00,357.24,193.77,387.87
2022-10-25 07:00:00,357.92,193.77,387.87
2022-10-25 08:00:00,358.27,193.77,387.89
2022-10-25 09:00:00,358.59,193.77,387.98
2022-10-25 10:00:00,358.63,193.81,388.27
2022-10-25 11:00:00,359.39,193.85,388.71
2022-10-25 12:00:00,360.1,194.11,389.99
2022-10-25 13:00:00,360.21,195.11,391.58
2022-10-25 14:00:00,360.63,195.5,392.74
2022-10-25 15:00:00,361.22,195.84,394.02
2022-10-25 16:00:00,361.49,196.62,395.94
2022-10-25 17:00:00,362.76,196.76,396.92
2022-10-25 18:00:00,363.6,196.76,396.94
2022-10-25 19:00:00,364.38,196.76,396.94
2022-10-25 20:00:00,365.06,196.76,396.94
2022-10-25 21:00:00,365.46,196.76,396.94
2022-10-25 22:00:00,365.82,196.76,396.94
2022-10-25 23:00:00,366.24,196.76,396.94
2022-10-26 00:00:00,366.5,196.76,396.94
2022-10-26 01:00:00,366.79,196.76,396.94
2022-10-26 02:00:00,367.04,196.76,396.94
2022-10-26 03:00:00,367.32,196.76,396.94
2022-10-26 04:00:00,367.62,196.76,396.94
2022-10-26 05:00:00,367.9,196.76,396.94
2022-10-26 06:00:00,368.25,196.76,396.94
2022-10-26 07:00:00,368.89,196.76,396.94
2022-10-26 08:00:00,369.35,196.76,396.94
2022-10-26 09:00:00,369.57,196.76,397.04
2022-10-26 10:00:00,370.42,196.79,397.38
2022-10-26 11:00:00,370.87,197.2,398.17
2022-10-26 12:00:00,370.87,198.27,399.55
2022-10-26 13:00:00,370.87,199.87,401.62
2022-10-26 14:00:00,370.99,201.07,403.94
2022-10-26 15:00:00,370.99,201.88,405.19
2022-10-26 16:00:00,370.99,202.7,406.33
2022-10-26 17:00:00,372.11,202.71,406.59
2022-10-26 18:00:00,373.33,202.71,406.61
2022-10-26 19:00:00,373.81,202.71,406.61
2022-10-26 20:00:00,374.14,202.71,406.61
2022-10-26 21:00:00,374.43,202.71,406.61
2022-10-26 22:00:00,374.71,202.71,406.61
2022-10-26 23:00:00,374.97,202.71,406.61
2022-10-27 00:00:00,375.21,202.71,406.61
2022-10-27 01:00:00,375.5,202.71,406.61
2022-10-27 02:00:00,375.78,202.71,406.61
2022-10-27 03:00:00,376.05,202.71,406.61
2022-10-27 04:00:00,376.34,202.71,406.61
2022-10-27 05:00:00,376.66,202.71,406.61
2022-10-27 06:00:00,377,202.71,406.61
2022-10-27 07:00:00,377.7,202.71,406.61
2022-10-27 08:00:00,378.08,202.71,406.62
2022-10-27 09:00:00,378.35,202.71,406.76
2022-10-27 10:00:00,378.38,202.79,407.13
2022-10-27 11:00:00,378.41,202.8,407.45
2022-10-27 12:00:00,380.03,202.8,407.7
2022-10-27 13:00:00,380.66,202.91,408.32
2022-10-27 14:00:00,380.81,203.79,409.76
2022-10-27 15:00:00,381.84,204.11,411.51
2022-10-27 16:00:00,382.49,204.56,413.28
2022-10-27 17:00:00,383.68,204.56,413.8
2022-10-27 18:00:00,384.27,204.56,413.81
2022-10-27 19:00:00,384.66,204.56,413.81
2022-10-27 20:00:00,385.11,204.56,413.81
2022-10-27 21:00:00,385.4,204.56,413.81
2022-10-27 22:00:00,385.68,204.56,413.81
2022-10-27 23:00:00,385.96,204.56,413.81
2022-10-28 00:00:00,386.27,204.56,413.81
2022-10-28 01:00:00,386.56,204.56,413.81
2022-10-28 02:00:00,386.84,204.56,413.81
2022-10-28 03:00:00,387.13,204.56,413.81
2022-10-28 04:00:00,387.4,204.56,413.81
2022-10-28 05:00:00,387.68,204.56,413.81
2022-10-28 06:00:00,388.09,204.56,413.81
2022-10-28 07:00:00,388.56,204.56,413.81
2022-10-28 08:00:00,389.05,204.56,413.81
2022-10-28 09:00:00,389.35,204.56,413.92
2022-10-28 10:00:00,389.41,204.59,414.23
2022-10-28 11:00:00,389.41,205.09,415.06
2022-10-28 12:00:00,390,205.32,415.89
2022-10-28 13:00:00,390.43,205.8,417.02
2022-10-28 14:00:00,391.08,206.45,418.55
2022-10-28 15:00:00,391.13,207.28,420.03
2022-10-28 16:00:00,391.54,207.28,420.97
2022-10-28 17:00:00,392.42,207.28,421.18
2022-10-28 18:00:00,392.76,207.28,421.21
2022-10-28 19:00:00,393.14,207.28,421.21
2022-10-28 20:00:00,393.64,207.28,421.21
2022-10-28 21:00:00,393.97,207.28,421.21
2022-10-28 22:00:00,394.25,207.28,421.21
2022-10-28 23:00:00,394.54,207.28,421.21
2022-10-29 00:00:00,394.81,207.28,421.21
2022-10-29 01:00:00,395.11,207.28,421.21
2022-10-29 02:00:00,395.37,207.28,421.21
2022-10-29 03:00:00,395.66,207.28,421.21
2022-10-29 04:00:00,395.94,207.28,421.21
2022-10-29 05:00:00,396.22,207.28,421.21
2022-10-29 06:00:00,397.34,207.28,421.21
2022-10-29 07:00:00,397.88,207.28,421.21
2022-10-29 08:00:00,399.19,207.28,421.21
2022-10-29 09:00:00,399.96,207.28,421.29
2022-10-29 10:00:00,402.02,207.28,421.57
2022-10-29 11:00:00,402.99,207.39,422.44
2022-10-29 12:00:00,403.54,207.89,423.81
2022-10-29 13:00:00,404.75,208.14,425.74
2022-10-29 14:00:00,404.86,209,427.35
2022-10-29 15:00:00,405.99,209.23,428.72
2022-10-29 16:00:00,406.15,209.46,429.5
2022-10-29 17:00:00,407.44,209.46,429.68
2022-10-29 18:00:00,408.46,209.46,429.7
2022-10-29 19:00:00,409.09,209.46,429.7
2022-10-29 20:00:00,409.64,209.46,429.7
2022-10-29 21:00:00,410.06,209.46,429.7
2022-10-29 22:00:00,410.43,209.46,429.7
2022-10-29 23:00:00,410.77,209.46,429.7
2022-10-30 00:00:00,411.15,209.46,429.7
2022-10-30 01:00:00,411.52,209.46,429.7
2022-10-30 02:00:00,411.91,209.46,429.7
2022-10-30 02:00:00,412.29,209.46,429.7
2022-10-30 03:00:00,412.66,209.46,429.7
2022-10-30 04:00:00,413.04,209.46,429.7
2022-10-30 05:00:00,413.41,209.46,429.7
2022-10-30 06:00:00,413.85,209.46,429.7
2022-10-30 07:00:00,414.57,209.46,429.7
2022-10-30 08:00:00,414.85,209.46,429.83
2022-10-30 09:00:00,415.44,209.47,430.21
2022-10-30 10:00:00,416.87,209.68,431.04
2022-10-30 11:00:00,417.53,209.82,431.73
2022-10-30 12:00:00,418.78,209.83,432.59
2022-10-30 13:00:00,418.83,210.89,434.29
2022-10-30 14:00:00,419.19,211.14,435.03
2022-10-30 15:00:00,420.26,211.14,435.15
2022-10-30 16:00:00,421.95,211.14,435.22
2022-10-30 17:00:00,423.06,211.14,435.22
2022-10-30 18:00:00,423.63,211.14,435.22
2022-10-30 19:00:00,424.2,211.14,435.22
2022-10-30 20:00:00,424.86,211.14,435.22
2022-10-30 21:00:00,425.27,211.14,435.22
2022-10-30 22:00:00,425.63,211.14,435.22
2022-10-30 23:00:00,425.98,211.14,435.22
2022-10-31 00:00:00,426.35,211.14,435.22
2022-10-31 01:00:00,426.72,211.14,435.22
2022-10-31 02:00:00,427.08,211.14,435.22
2022-10-31 03:00:00,427.45,211.14,435.22
2022-10-31 04:00:00,427.82,211.14,435.22
2022-10-31 05:00:00,428.19,211.14,435.22
2022-10-31 06:00:00,429.54,211.14,435.22
2022-10-31 07:00:00,430.07,211.14,435.22
2022-10-31 08:00:00,430.44,211.14,435.29
2022-10-31 09:00:00,430.77,211.14,435.46
2022-10-31 10:00:00,431.08,211.14,435.75
2022-10-31 11:00:00,431.1,211.32,436.38
2022-10-31 12:00:00,431.12,211.37,436.91
2022-10-31 13:00:00,431.27,211.37,437.33
2022-10-31 14:00:00,431.31,212.26,438.62
2022-10-31 15:00:00,431.47,212.7,439.43
2022-10-31 16:00:00,432.41,212.76,439.86
2022-10-31 17:00:00,434.08,212.76,439.86
2022-10-31 18:00:00,435.23,212.76,439.86
2022-10-31 19:00:00,436.22,212.76,439.86
2022-10-31 20:00:00,436.88,212.76,439.86
2022-10-31 21:00:00,437.31,212.76,439.86
2022-10-31 22:00:00,437.66,212.76,439.86
2022-10-31 23:00:00,438.03,212.76,439.86